{
  "LogisiticRegression": {
    "0": {
      "precision": 0.9148936170212766,
      "recall": 0.9555555555555556,
      "f1-score": 0.9347826086956522,
      "support": 90.0
    },
    "1": {
      "precision": 0.9583333333333334,
      "recall": 0.92,
      "f1-score": 0.9387755102040817,
      "support": 100.0
    },
    "accuracy": 0.9368421052631579,
    "macro avg": {
      "precision": 0.936613475177305,
      "recall": 0.9377777777777778,
      "f1-score": 0.936779059449867,
      "support": 190.0
    },
    "weighted avg": {
      "precision": 0.9377566256065697,
      "recall": 0.9368421052631579,
      "f1-score": 0.936884135805352,
      "support": 190.0
    }
  },
  "KNearest": {
    "0": {
      "precision": 0.9148936170212766,
      "recall": 0.9555555555555556,
      "f1-score": 0.9347826086956522,
      "support": 90.0
    },
    "1": {
      "precision": 0.9583333333333334,
      "recall": 0.92,
      "f1-score": 0.9387755102040817,
      "support": 100.0
    },
    "accuracy": 0.9368421052631579,
    "macro avg": {
      "precision": 0.936613475177305,
      "recall": 0.9377777777777778,
      "f1-score": 0.936779059449867,
      "support": 190.0
    },
    "weighted avg": {
      "precision": 0.9377566256065697,
      "recall": 0.9368421052631579,
      "f1-score": 0.936884135805352,
      "support": 190.0
    }
  },
  "Support Vector Classifier": {
    "0": {
      "precision": 0.9157894736842105,
      "recall": 0.9666666666666667,
      "f1-score": 0.9405405405405406,
      "support": 90.0
    },
    "1": {
      "precision": 0.968421052631579,
      "recall": 0.92,
      "f1-score": 0.9435897435897437,
      "support": 100.0
    },
    "accuracy": 0.9421052631578948,
    "macro avg": {
      "precision": 0.9421052631578948,
      "recall": 0.9433333333333334,
      "f1-score": 0.9420651420651421,
      "support": 190.0
    },
    "weighted avg": {
      "precision": 0.9434903047091412,
      "recall": 0.9421052631578948,
      "f1-score": 0.9421453842506474,
      "support": 190.0
    }
  },
  "DecisionTreeClassifier": {
    "0": {
      "precision": 0.9139784946236559,
      "recall": 0.9444444444444444,
      "f1-score": 0.9289617486338798,
      "support": 90.0
    },
    "1": {
      "precision": 0.9484536082474226,
      "recall": 0.92,
      "f1-score": 0.9340101522842639,
      "support": 100.0
    },
    "accuracy": 0.9315789473684211,
    "macro avg": {
      "precision": 0.9312160514355392,
      "recall": 0.9322222222222223,
      "f1-score": 0.9314859504590718,
      "support": 190.0
    },
    "weighted avg": {
      "precision": 0.9321232912677436,
      "recall": 0.9315789473684211,
      "f1-score": 0.9316188031867134,
      "support": 190.0
    }
  }
}